{"Wisconsin": -0.923655913978493, "North Dakota": -2.6403225806451545, "Illinois": 1.8096774193548413, "Vermont": 4.809677419354841, "Maryland": -0.8903225806451545, "Ohio": 1.209677419354847, "Washington": -4.590322580645157, "Arkansas": -1.1903225806451587, "Wyoming": 0.9096774193548427, "South Carolina": -7.090322580645157, "Missouri": 1.8096774193548413, "Virginia": 5.809677419354841, "Rhode Island": 1.5596774193548413, "Utah": 0.6096774193548455, "Indiana": 0.5596774193548484, "Mississippi": 1.2096774193548399, "Louisiana": 0.3096774193548413, "Kansas": 0.10967741935484554, "West Virginia": 5.109677419354842, "Hawaii": -1.7903225806451601, "Oklahoma": -2.79032258064516}